85123A,71053,84406B,84029G,84029E,22752,21730
22633,22632
84879,22745,22748,22749,22310,84969,22623,22622,21754,21755,21777,48187
22960,22913,22912,22914
21756
22728,22727,22726,21724,21883,10002,21791,21035,22326,22629,22659,22631,22661,21731,22900,21913,22540,22544,22492,POST
22086
22632,22633
85123A,71053,84406B,20679,37370,21871,21071,21068,82483,82486,82482,82494L,84029G,84029E,22752,21730
21258
85123A,71053,84406B,20679,37370,21871,21071,21068,82483,82486,82482,82494L,84029G,84029E,22752,21730
22114,21733
22632,22633
22386,85099C,21033,20723,84997B,84997C,21094,20725,21559,22352,21212,21975,21977,84991,84519A,85183B,85071B,21931,21929
22961
22139,84854,22411,82567,21672,22774,22771,71270,22262,22637,21934,21169,21166,21175,37444A,37444C,22086,22083,84971S,71270,47580,22261,84832,22644,21533,21557,15056BL,15056N,22646,22176,22438,21731,22778,22719,21523
10002,21912,21832,22411,22379,22381,22798,22726,22926,22839,22838,22783
82484,84755,22464,21324,22457,22469,22470,22224,21340,22189,22427,22428,22424
22783,22961,22960,22663,85049A,22168,22662
84880,85099C,85099B
79321,22780,22779,22466,21731
21754,21755,21523,21363,21411,22318,22464,22915,22922,22969,22923,21115,22469,22242
22941,21622,21791,35004C,35004G,85014B,85014A,22193,22726,22727,22192,22191,22195,22196
22941,22960,22961,22962,22963,22968,84970S,22910,20668,85123A,22197,22198,21533,21080,21094,21086,21786,22654,21485,84029G,84030E,22174,22969,85099B
22150,22619,21891,21889,22827,22127,22128,22502,84879,22338
22180
21506,22633,22866,22865,22632,21485,22349,22558,85152,85123A,22652
22188,84879,21977,84991,21212,21484,21314,22730,22727,22729,22726,22114,22867,22866
85123A,71053,84406B,15056BL,20679,37370,21871,21071,21068,82483,82486,82482,82494L,84029G,84029E,22752,22803,21730
35004B,35004C
21980,21844,22468,22637,22752,48185,22632,22866,22865,21232,22064,22449,22114,22835,22112,21479,22111
22632,22633
22969
22110,22098,22100,22766,22451,22549,84744,85049E,21328,22961,17091A,22473,84509A,84510A,22767,22768,21463,21464,20820,85150,22117,21169,48129,82580,82578,82581,22413,21907,22441,21122,22851,84991,22810,22809,22435,20966,20963,20961,22068,21743,21744,84709B,21592,21587,20992,22662,85123A,22804,82483,20749,20725,22382,20726,22384,22467,84625C,84625A,21108,22848,21033,47570B,84030E,22428,22502
22086,22910,22837
22867,POST
22297,22771,22772,22773,22805,22469,22197,21125,21126,85049C,85049D,85049E,85049G,21061,21063,21062,84380,84378,22964,21213,22417,21212,84992,21975,22383,20728,20727,22296
20914
85123A,71053,84406B,20679,37370,21871,21071,21068,82483,82486,82482,82494L,84029G,84029E,22752,22803,21730
22632,22633
22537,22533,20982,21832,21915,21914,21544,22813,22114,84029E,21479,22964,84375,22418,22178,84970L,21733,22465,84949,20685,48194,22488,22219,84879,21754,21755,22766,22610,22716,22706,22371,85014B,85014A,84997B,21212,21210,22914,22553,16237,22714,22812,84347,21587,22736,22492,22620,22619,21705
90199C,21479,22111,22785,22975,22972,22866,22568,85116,22664,21609,21866,20669,90129F,90210B,90199C,21955,72802C,22109,85116,22531,21811,22183,21678,21676,84625A,84625C,21931,85169B,16238,20668,84906,21867,22075,21866,21326,21065,22074,22900,20713,20966,21116,90199C,22633,22866,22198,21824,21823,22153,22197,85099B,85099F,20717,20723,22900,21980,22111,22112
20728,22382,22326,22662,22383,20727,22328,22327,22630,22629,21245,21244,21242,21243,22327,22273,22940,22652,22759,21880,21738,22077,85049E,22961,21448,22837,22749,22940,22749,22077,21738,85049E,22243,22141,22144,22243,22077,21448,22759,22242,85049E,21731,22243,21739,21738,22271,22273,22274,22749,22751,21034,22273,22568,22141,22144,22570,22569,21448,22086,22569,21448,22968,22902,21448,22902,21710,21708,21711,22179,22197,22900,21706,22468,20725,85184C,21708,22900,21706,22988,85184C,20750
22139
22952,22910,22739,22738,22736,22909,35591T,22186,22695,22470,22580,22469,22147,22130,21791,22694,21790,22149,22900,22961,22321,22594,22593,22595,21986,22750,22616,22775,22899,22367,22942,22941,22086,22940,21212,21976,22951,21977,22834,22867,22865,22632,21916,22587,22566,22565,22472,22557,22551,22554,22534,22531,22529,22530,84032B,22837,85049H,22749,22807
21494,21915,22938,22768,22767,82494L
21889,21892,21891,21890,21718,21716,21715,22113,22111,22110,22358,22357,22115,22969
22619,21481,22632,22837,21479,21485,84029E,22111,22113
22837,22585,79321,22637,21556,22646,22644,22645,22650,22508,21411,22511,22451,22449,22768,22829,22961
21154,22189,17021,22059,22188,84678
85172,22142,22144,21591,22480,22294,21156,10133,72800E,22294,84836,20774,20773,20777,16016,16014,21890,21891,22619,22620,84347,85169B,21156,21651,21651,84625C,22618,21586,21587,22152,85172,84754
22670,21586,84992,84879,84849B,22927,22926,22925,21977,21485,21484,21259,21257,21121
82552
90200B,90059B,90185C,90059E,90059C,90200C,90200D,90200A,22386,85099B,84879,22086,22737,21260,22744,21985,21980,22988,22297,22294,22295,22813,22812,22197,21977,22619,16258A,21992,22910,21124,22735,22952,22945,21816,21815,21814,10125,22810,22573,22577,22603,22809,20878,20866,85095,22333,22557,21584,22866,22731,22866,22866,22558,22956,22945,22582,21212,21212,22585,21121,21122,22759,21815,85231B,85231G,22082,22500,22742,21329,21328,21327,21992,21738,48173C,85099C,22960,85231G,85231B,22866,72818,21814,22441,22312,22197,22663
22960,22961
21314,84029E,21137,22041,20979,20977,22619,22571,22595,22593,22633,22632,22423,22411
22738,21621,22960,22082,47563A,84558A,21592,20878,84347,84347,21577,22909,22087,22651,22713,22910,21370,21367,22376,22961,21895,22468,21034,22372,22867,22144,21190,21894,70007,22940,70007,84347,22150,22149,22144
21622,46000M,22630,22616,22712,22983,22024,22113,84029E,21488,22900,22895,21035,21755,21754
84879,22784,21441,85123A,22423
84947,21326
22865,22485,22807,22633,22866
21794,20707,21175,22926,22588,21292,21890,22632,22633,22670,21867,22760,22107,22470,21486,22151,22643,22642,22604,22099,22553,22551,22653,22557,22906,22754,22938,22812,22919,22917,22920,22921,22918,22916,85123A,22575,21804,21584,21588,22152,22441,22955,22956,22582,22583,22241,22904,22905,22197,22092,22469,22100,22096,22583,21358,21123,21124,21122,84378,21985,21427,21034,21930,20772,22469,71406C,84985A,20754,84596E,21111,22501
22854
84997D,47599A,47599B,22749,20972,22569,21041,21664,84969,22907,22865,22866,22632,22776,22338,21810,22449,21197,85231G,21121,22151,84836,21326,85035B,84968C,85231B,22739,37370,22941,21098,22151,84836,20914,22749,21190,84997C,21810,21192,85014A,21124,72800B,84563A,22107,47504H,21121,21122,21742,22566,21664,22632,21122,22481,85099B,21931
22943,22468,22149,21485,21259,22969,22699,22217,22227,22219,22111,22294
21111,21106,21107,22697
21826,21791,22548,22149,17164B,22423,22429,22428,20974,20973,15044B,21324,20750
21135,22173,22626,22625,22624,21929,85099B,22411,22113
22809,84347,84945,22242,22244,22243,47421,20712,20713,22837,22969,22973,84569B,22549,POST
22815,22865,22585,21587,84985A,85114B,22813,22128,22839,22584,22130,22938,22411,21731,22616,22454,22865,21992,22326,22082,85049E,22077,85049A,22865,22867,22910,22963,22960,85114C,85114B,22974,22423,21452,22938,22812,22584,22744,22743,22911,22585,22900,22911,22743,22744,22961,22411,22454,22453,84985A,22445,22568,22570,22607,22635,22634,22839,22968
22222,22947,21743,22187,22164,72598,21258,22627,22487
22360,22364,21657,22699,21071,22941,22120,22423,21038,21625,22783,22097,82552,21179,22185,22097,21662,85104,21654,21658,21664,22943,22411
21519,22819,21506,22704,21498,15056N,15056BL,20679,22049,21498,21497,21333,22727,22726,22730,22086,22910,22194,22192,22193,22191,22688,22768
84692,22444,22899,21156,22556,22555,22554,22553,22551,22547,22544,22543,22540,22539,22534,22530,22531,22561,22489,22814,21520,21506,22716,22866,22632,22865,22114,21982,21981,21967,22092,21983,22615,21980,22614,22095,22094,21984,22557,21786,21080,22963,22962,22961,84375,22966,21874,21873,21870,22956,84050,84991,84992,21213,21977,21212,22198,22197,22315,22667,22666,22665,22558,22567,85150,21166,85152,82600,21733,20685,22842,22494,21260
20754,22740,22825,22680,22797,21843
22866,22834,22865,22867,22112
22943,22118,22121,22119,21485,22219,21523,48194,20685,21156,22418,22311
21485,84879,72817
22277,22333,20867,21688,21694,22183,22423,22798,22800,22801,22781
21466,21467,21471,21469,21523,48129,21524,22791,84949,22086,22910,22457,21690,22752,37343,22088,22195,22470,22469,22173,22584,22583,21143,84944,22601,22603,22600,22574,22573,85199L,85199S
22969,72741,37495,22807,22171,82486,22173,85067,48184,48138,48129,21625,22326,22423,21743,22557,22554,85019A,85019C,20902,21429,22867,22632,84030E,22114,21481,22379
22968,85071A,85071C,22355,21579,21576,22147,22150,22492,22493,21833,85135B,85136A,85136C,21055,21056,21889,21891,22622,C2
21915
22382,20727,22383,22386,85099B,22379,20712,85099F,85099C,21930,21928,22411,21931,20711,20713,85123A
21773,21774,21786,21787,21790,21791,21801,21802,21803,21809,21810,21811,21821,21822,21823,21844,21851,21870,21871,21874,21879,21884,21888,21889,21892,21894,21911,21912,21913,21914,21915,21922,21928,21935,21942,21944,21949,21975,21977,21982,21990,21991,21992,21993,22037,22043,22064,22065,22067,22068,22069,22071,22075,22076,22077,22080,22081,22082,22083,22086,22087,22090,22095,22100,22107,22110,22111,22112,22114,22115,22130,22134,22135,22141,22144,22149,22153,22154,22155,22156,22161,22162,22169,22174,22178,22182,22185,22189,22190,22195,22196,22197,22198,22203,22207,22219,22224,22265,22276,22294,22296,22297,22299,22300,22301,22309,22310,22314,22318,22335,22336,22345,22348,22355,22356,22357,22359,22360,22361,22367,22371,22375,22376,22378,22379,22380,22383,22384,22394,22396,22418,22419,22422,22423,22430,22432,22437,22444,22451,22457,22469,22470,22471,22476,22477,22478,22479,22487,22489,22494,22497,22515,22517,22519,22530,22531,22539,22540,22545,22548,22549,22550,22553,22555,22558,22560,22569,22571,22573,22574,22580,22582,22583,22588,22589,22595,22600,22601,22603,22605,22614,22616,22620,22625,22629,22632,22635,22639,22644,22645,22646,22651,22654,22662,22664,22665,22666,22669,22675,22694,22695,22697,22699,22719,22727,22728,22729,22730,22734,22737,22738,22739,22740,22741,22744,22745,22748,22755,22757,22758,22759,22760,22769,22791,22792,22798,22812,22813,22816,22818,22822,22835,22837,22844,22847,22862,22865,22866,22867,22876,22899,22900,22906,22909,22910,22916,22917,22918,22919,22920,22921,22928,22940,22945,22948,22949,22951,22952,22956,22960,22961,22962,22963,22966,22969,22972,22974,22975,22976,22988,35095A,35095B,35471D,35598D,35599D,35610A,35818P,35957,35961,35971,37370,37449,37476,47559B,47580,47591B,47591D,47593B,48188,70007,71053,71459,72586,72799E,72799F,72807A,72807B,72807C,72816,72817,79030D,79030G,79321,82551,82578,82580,82583,82613B,82613C,82613D,84029E,84029G,84031A,84031B,84032A,84032B,84050,84086C,84279P,84347,84992,85014B,85015,85016,85017A,85017B,85032D,85039A,85048,85049E,85049G,85049H,85064,85099B,85114B,85116,85123A,85127,85129D,85131B,85132A,85135B,85135C,85152,85176,85177,85178,85186A,85199S,85231B,85232B,90003C,90018A,90022,90071,90099,90116,90120C,90129A,90129B,90161A,90190C,90194,90200A,90200C,90209B,90214D,90214G,90214H,90214J,90214R,DOT,84375,84378,84380,84534B,84535B,84536A,84536B,84580,84581,84598,84625A,84692,84832,84912B,84913A,84913B,84923,84946,84949,84988,84991,20856,20854,22633,22866,21218,22968,22862,22845,22844,11001,16236,16237,16238,17003,17011F,17012A,17012B,17012C,17012D,17012E,17012F,17129F,18098C,20622,20658,20662,20668,20669,20676,20684,20685,20719,20724,20725,20733,20735,20770,20772,20835,20839,20840,20867,20902,20914,20956,20961,20963,20966,20969,20971,20972,20973,20975,20981,20992,20996,21000,21012,21035,21041,21068,21069,21070,21071,21080,21098,21107,21108,21115,21116,21121,21147,21154,21158,21165,21166,21169,21174,21175,21189,21191,21195,21207,21210,21212,21213,21216,21217,21218,21231,21232,21238,21249,21258,21262,21313,21314,21327,21328,21349,21352,21354,21365,21366,21369,21372,21385,21407,21408,21429,21479,21484,21486,21488,21507,21523,21559,21563,21564,21577,21634,21641,21658,21662,21679,21703,21704,21706,21716,21721,21722,21731,21742,21758
21134
22145
37509
85226A
85044
84970L,84970S,22466,22625,20914,22835,22837,22900,22174,22112,22895,21592,79144B,22900,22551,22310,22557,22555,22480,22482,22481,22663,22659,84949,21326,22713,22551,22310,22111,21592,22112,22895,22629,21916,21917
20950
37461
84670
20697,22716
22599,22597,22336,21922,35961,21843,20749,22694
21495,46000R,46000S,22731,21258,21041,84920,22173,22953,84508A,22471,21935,21670,20668,21672,22553,22041,20972,22568,22570,22730,20749,22785,22786,85064,22212,21486,22114,21485,84029E,22678,22686,22468,85232B,21479,84029G,22837,22112,22835,21485,22111,22667,22666,21259,22941,82484,84685,21363,85232B,22755,20616,22451,22114,22753,79066K,22794,22592,84352,79321,22694,21098,22470,22795,20963,22278
22802
84884A,51014C,51014L,51014L,51014C,51014A,22366,22876,22953
79321,48129,48111,22960,22847,22846,22665,22652,22418,22402,22400,22399,20685
22318,22551,22748,22745,21731,22466,20972,22274,22750,22780,22779,22866,22867,22865,22632
21777,79302M,22752,21609,20685,48185,48194,22423,37446,37449,21231,21232,84509B,22313,22314,21181,72741,22187
85199S,22909,22798,22800,21818,22976,21452,22964,22941
37446,37449
21372,21369
21668,22771,22805,22772,22774,22773
22867,22866,22865,21231,22645,22646,22632
22915
22171,21462,22622,22616,22713,22111,22496,84870C,22659,22494,22111,22113,84870B,22119,22121,22765,21351,22130,21191,22945,22581,22639,22579,22572,21809,21818,22571,21810,21809,21147,21811,22640,22641,22638,22573,22576,22603,21817,21813,21808,21804,21014,21823,22086,21018,22739,22738,22635,22731,22428,22946,22825,21871,21071,M,21340,22816,22818,21591,21587,22750,22767,22660,85232B,22941,M,21761
84836,21781,22457,22113,22835
85032D,22696,21790,84360,35954,35957,84760S,72816,84754,22444,35598D,85045,21352,22065,35598B,85099C,22952,85048
22589,22121,22119,22573,22574,22577,22578,22579,22593,22594,22595,21810,21811,21817,22695,22696,21523,22469,22855,21754,21756
84755,84970L,22178,22791
21756
21864,21107,21232,84050,85099B,85123A,15056P,22095
22041,85174,84050,84029E,82615,21156,20727,35004C,85099B,85123A,22095,85038,15056N,20971,21354,21107
20725,21232,22646,22147
22837,21484,22865,22866,22834,22726,22728,22729
21232,20727
22966,22965,22975,22988,22972,22974
85099B
21668,21672,22771,22530,22534,21374,21365,21479,21481,84032A,84031A,21509,22025,22650,22637,22634,22635
21156
84029E
37449
22846,22848,22726,22728,22725,22729,22730
37448,22744,22743,22646,21232,22466,22540,22531,16237,22752,22114,21108,22355,22449,22867,21986,21982,22421,17003,21098,22548,21790
22960,22961,22962,22963,21777,22666,22667,84997A,84997B,84997C,84997D
21777
22969,85123A,22112,22114,21340,22457,21136,22776,21166,22794,71477,22030,22622,21055
21427,22135,90214M,90214V,90214S,90214J,22386,22378,20750,21888,22321,21789,21238,21629,22379,72807C,22497,21850,20978,20768,22081,20780,51014C,21398,22476,21643,72741,21620,37449,22260,22136,47591B,21041,21035,85064,22121,21488,21484,22357,21985
10135,16168M,16236,16237,16238,17012A,17012B,17012C,17012D,17012E,17012F,17014A,17084N,17084P,20616,20617,20619,20653,20668,20681,20682,20696,20699,20700,20717,20718,20723,20724,20725,20727,20733,20735,20752,20754,20761,20780,20846,20914,20931,20956,20961,20966,20972,20973,20974,20975,21002,21012,21015,21035,21055,21067,21069,21071,21098,21108,21109,21110,21111,21128,21154,21164,21165,21174,21181,21188,21191,21192,21208,21212,21213,21220,21231,21232,21249,21257,21258,21262,21272,21279,21281,21288,21313,21314,21340,21349,21352,21356,21429,21439,21447,21479,21481,21484,21486,21488,21494,21519,21520,21524,21537,21544,21547,21557,21559,21576,21594,21638,21648,21656,21658,21671,21684,21698,21700,21705,21718,21731,21743,21745,21754,21755,21756,21773,21774,21775,21777,21786,21789,21790,21791,21801,21802,21803,21809,21813,21820,21821,21830,21832,21833,21844,21846,21851,21868,21871,21875,21879,21889,21891,21892,21896,21899,21906,21908,21914,21915,21929,21931,21934,21935,21942,21949,21974,21975,21976,21977,21981,21982,21984,21985,21990,21991,21992,21993,22064,22065,22077,22078,22081,22082,22083,22084,22086,22090,22091,22100,22109,22111,22112,22114,22117,22121,22124,22134,22135,22141,22142,22144,22147,22149,22161,22162,22165,22169,22174,22178,22182,22183,22184,22188,22190,22195,22197,22198,22207,22208,22245,22246,22260,22261,22262,22276,22277,22278,22283,22294,22300,22301,22304,22308,22309,22310,22311,22312,22314,22317,22324,22325,22331,22342,22348,22350,22352,22355,22356,22364,22371,22376,22379,22381,22386,22393,22396,22405,22409,22411,22413,22419,22420,22421,22422,22423,22425,22427,22428,22449,22451,22458,22459,22467,22469,22472,22487,22489,22499,22501,22503,22508,22530,22531,22534,22536,22537,22539,22544,22547,22553,22557,22560,22561,22565,22566,22569,22570,22571,22580,22581,22582,22583,22584,22586,22587,22588,22589,22600,22601,22602,22603,22619,22620,22622,22624,22625,22631,22632,22637,22645,22649,22651,22659,22663,22664,22665,22666,22668,22669,22673,22678,22692,22694,22696,22697,22699,22712,22713,22726,22734,22735,22737,22738,22739,22741,22742,22745,22746,22747,22748,22749,22751,22754,22756,22758,22759,22775,22781,22788,22791,22792,22794,22795,22798,22800,22801,22805,22810,22812,22813,22814,22831,22834,22835,22837,22841,22844,22854,22855,22862,22863,22865,22866,22867,22870,22890,22895,22897,22898,22900,22904,22906,22909,22910,22915,22916,22917,22918,22919,22920,22921,22940,22941,22944,22945,22946,22947,22948,22951,22952,22961,22968,22969,22972,22973,22974,22975,22976,22977,22988,35095A,35471D,35598B,35599D,35637A,35916B,35916C,35957,35961,35964,35965,35967,37370,37444C,37446,37450,37491A,46775D,46776B,47563A,47566B,47567B,47590A,47590B,47591B,47591D,47593B,47594A,47599A,48111,48138,48187,48194,51014A,51014C,70006,70007,71477,71496A,72134,72741,72807A,72816,72817,79067,79302M,79321,82551,82552,82578,82580,82582,82599,82613B,82613C,82613D,82616C,84029E,84029G,84031B,84032A,84032B,84086C,84279P,84347,84375,84378,84380,84459B,84509A,84510A,84520B,84536A,84536B,84559A,84559B,84580,84596J,84609,84659A,84663A,84692,84754,84755,84828,84832,84856L,84879,84912B,84913B,84915,84923,84946,84950,84969,84970L,84970S,84971S,84976,84988,84992,85008,85015,85017A,85017B,85032D,85040B,85048,85049A,85049E,85049G,85053,85064,85099B,85099F,85114A,85114B,85114C,85116,85123A,85131B,85131D,85132A,85135B,85136A,85136C,85150,85170D,85199L,85212,85227,85231B,85232B,85232D,90013B,90018B,90019B,90024C,90036F,90040B,90051,90054,90077,90124B,90134,90138,90161A,90161B,90166,90173,90177C,90177E,90181B,90192,90200C,90206C,90209C,90211A,90214A,90214E,90214H,90214S,DOT,20970,22785,84658,20728,82494L,22165,22467,22448,22447,22446,20665
21524,22366,22519,22222,21472
21733,22113,22804,84970L,85123A
21877,21137,22041,22121,21756,21705,22694,20679,21577,22524,20765
21624,22900,22114,21967,84926A,22802
22952,21704,21703,21705,85035C,72803A,22086,22910,22583,22731,20682,72802C,22384,40001,21709,22220,21739,85034A,72818,72798C,22197,20726,84744,35271S,21380,22909,21221,20755
21421,21422,22178,22617
22968,22727,22726,84945,20749,21056
85123A,71053,82483,82486,82482,82494L,22411,84029G,84029E,22752,22803,21730
22632,22633
37370,21871,21071,21068,82483,22411,84029G,84029E,21730,22752,85123A,71053
22632,22633
84832,85231B,22189,22457,22863,22792,84970S,72741,22961
21364,22219,20966,22107,22109,21181,21042,47567B,22111,22271,22272,22273,22274,20963,21172
72760B,22602,21754,21756,21481,22114,22386,85099B,22365,21955,21733,84879,22423,22624,22507,22457,22804,85123A
22863,22962,22963
85123A,71053,84406B,37370,21871,21071,21068,82483,82486,82482,82494L,22411,84029G,84029E,22752,21730
22632,22633
22865,22866,22632,22633,21790,21889,22549,84031A,84032A,62096A,85071D,21915,82580,21272
85123A,71053,84406B,37370,21871,21071,21068,82483,82486,82482,82494L,22411,84029G,84029E,21730
22149,22818,22044,21790,22619,22620,21918,22544,21791,22029,22037,22652,84836,22910,22736,21360,22945
22632,22633
22367,84077,22618,22752,22837,22634,22898,22781,22467,84792,21754,22120
21137
21356,21354,79321,72741,22179,85116,21125,85175,79302M,20893,21743
20975,21592,22551,22555,22556,22197,22198,22418,21791,21914,21915,22440,22434,22466,22564,84077,84375,22909,22910,22943,22952
22960,22961
22965,21215,21212,21977,84991,22961,22744,22743,85049E,85049G,21328,21058,21060,21061,21062,21719,21722,21724,84826,21883,21881,21880,22943
22549,22492,10135,22422,21790,22536,22561,22752,21791,22491
21355,21756,21518,21520,21506,22023,21519,22037,22029,22030,22027,22983,22718,22717,22712,22028,22815,72818,22697,21670,21669,21671,21673,21672,22771,22775,22772,22774,48185,48187,82494L,22245,84755,22460,84970L,22432,22433,22431,84674,82486,82483,21068,21069,21070,22972,22974,22419,21071
22676,22727,22726,22730,22725,22672,22109,22925,22926,22927,22699,20914,21212,21843,21588,21584,22568,22569,22570,21914,21915,22549
22965
22927,22928,22926,22776,22778,22777,22783,22941,21756,22961,22423,22697,22699,21755
85123A,71053,84406B,37370,21871,21071,21068,82483,82486,82482,82494L,22411,84029G,84029E,22752,21730
22632,22633
85123A,71053,84406B,37370,21871,21071,21068,82483,82486,82482,82494L,22411,84029G,84029E,22752,21730
22632,22633
21931,85099B,22386,22477,21875,37370,21479,21484,21485,22111,22837,22812,22739,22924,22923,22961,22964,22988,21843,21217,79066K
22952,22301,22960,22446,22086,22961,22728,22730,84380,22832,22926,22920,22916,22919,22917,22921,22918,22909
22457,20674,20676,20727,82582,21181,22900,82494L,21967,22170,21210,21679,22094,21080
21429,21428,22961,84375,21877,21870,21868,85150,85152,21181,22441,22840,22502,22855,21754,22557,22759,84029E,22114,22112
22086
22198,22130,79191C,20733,22867,22633,20733,47471,85231B,85231G,21212,22633,16046,22654,22652,22653,21914,22961,22633,22616,85135B,22197,22960,22696,22196,22768,48138,22866,22945,22731,22945,21154,22911,22755,22195,21154,22867,21328,85114C,21326,22796,22130,22733,22560,22491,22489,72818,20878,22920,22917,22919,22918,22916,22921,22917,22920,84692,22659,22315,22559,20878,22696,22896,20967,21098,22568,22654
20992,51014A,22113,22111,84032B,84031B,84031A,21430,21429,21313,21108,47599B,47566B,22499,22090,22071,22070,21216,22637,20983,20975,20750,21041,21537,21533,21527,21538,85216,84992,84991,22352,84509A,84510A,22131,21163,21158,21161,21159,84970L,72741,22502,22469,22212,84406B,22188,84971S,21390,84836,22297,22335,22285,22284,21383,21381,21380,47590B,47590A,22210,22209,22208,22318,20974,20982
22632,21872,48111,21888,22867,22866,22865,22112,84029G,22637,22090,21042,22961,22365,48138,22822
21914,22661,22560,22411,22633,22632,22867,20754,85035A,22667,22761
22187
85136A,85099B,22385,21870,20723,20967,20969,20970,85099B,22418,22374,22372,22375,22371,22634,22663,22662,22650,22578,22579,21479,22112,22110,84997B,84997A,84997C,84997D
22867,22633,22632,22910,22737,22952
22601,22602,22579,22574,22576,22594,22595,22423,21217,22086,22910,84347,21741,21738,21739,79321
22469
85061W,22855,22465,22740,21385
22812,20749,22729,21288
21014,21803,21801,72816,22909,40016,22491,21791
21034,22650,22202,21064,21364,22964,22131,48173C,47591B,47591D,85038,22195,84341B,84509G,22367,16235,84755,21161,20986,20832,22501
84846A,22442,22759,22168,22797,22595,21563,22969,21769
84406B,22294,22295,22906,22988,84879,22423,22633,22867,22866,21586,21584,21588
84029E,22752,22803,21730,85123A,71053,84406B,37370,21871,21071,21068,82483,82486,82482,82494L,22411,84029G
22632,22633
85123A,71053,84406B,37370,21871,21071,21068,82483,82486,82482,82494L,22411,84029G,84029E,22752,22803,21730
22632,22633
21731,85135B,21913,22745,85227,21790,21743,20798,22457,22669,22320,21249,22493,22943,21561,22382
37495,21218,21217,22840,85132A,85132B,85132C,22938,22955,22626,21843,22215,22423
21238,20674,20675,21239,21244,21245,84997A,84997D,21679,21479,22423,21213,21207,21987,21988,21989,22316,22332,22437,22910,22086,85049A,21080,21086,21094,21212
21206,20974,22333,21094,21080,21086,20914,20975,20677,47590B,47599A,22083,47599B,84375
22659
21703,21790,21791,22616,22555
22806,22893,21843,21217,20914,22841,22840
22666,22120,85159A,85064,21843,20750,35004C,21784,22849,22848,21527,21844
22963,22962,22961,22966,22964,22969,21217
17090D,17090A,22457,84879,72127,72133,84763,85049E,22077,22075,85049A,22940,22144,22652,84945
47504H,85127,21472,22196,22086,84692,84380,20978,21833,22553,22451,22450,10124G,84519B,22941,22349,21931,22505,21922,21584,22312,22822,22514,22988,22862,22973,22974,22972,21213,22659,22768,21427,21504,22292,22558,22379,22470,21211,22469,20978,21974,20914,22316,22553,22557,22652,22311,22465,84755,22666
22045,90175C,90180A,90178A,22746,22745,22983,21914,22986,21731,20984,22436,21465,21470,22622,16012,85135B,22551,85025C,21918,21851,21849,22729,21889,85124B,85124C,20828,22554,22653,21830,21623,22785,22654,84949,22800
22898,47591D,21156,22367,22955,22956,21625,22423,21843,22839
22738,21430,85184C,20749,20750,22077,22736,22737,21428,85177
22768,22795,22914,22969,21259,21258,84947,84946,22169,22767,21587,22082,22604
16156S,85049G,85049C,85049E,85049F,85049A,85049H,22866,22865,22834,22633,22632
84945,22191,72760B,22634,22426
84029G,20975,84029E,22190,90082D,90082A,90082B,90081A,90204,90185B,90185C,90195A,90195B,90196A,90199A,90177C,90186A,22379,20894,85106,35271S,22480,21415,20679,21034,85106,21415,22752,22441,21710,22174,21212,22943,21416,22750,21417,22371,22174,22343,22474,20969,22371,22472,15056N,21154,84347,22441,18097A,18097C,22472,22866,21415,22867,22633,22667,20914,21429,84879,85123A,22900,22174,22664,22371,20967,22569
85123A,71053,84406B,15056BL,20679,37370,21871,21071,21068,82483,82486,82482,82494L,22411,84029G,84029E,22752,22803,21730
22632,22633
85123A,71053,84406B,15056BL,20679,37370,21871,21071,21068,82483,82486,82482,82494L,22411,84029G,84029E,22752,22803,21730
22632,22633
22988,22975,22976,22977,21137,22470,84754,22296,21899,22972,22335,21911,21902,21901,21948,21949,22558,20759,20760,20757,20755,22418,20981,22652,22553,22953,21544,22198,22197,20974,20967,22570,22274,22743,20971,85185D,85185B,22150,22147,22088,22384,20727,22867,22834,22633,22383,20726,22328,22326,22327
21992,21993,84870B,84870C,22867,22865,90200D,90200A,22551,22629,22972,22975,22109,22838,22895
22863,22968,22945,21902,10002,22943,85014A,22197,84946,22897,22325,22895,21349,48173C,22086,21488,22909,22910,22439
48111,82484,22296,22183,79164,84683,82486,21781,21745,21257,82494L,79163,21844,20828,22924,22928,48185
21116,21155,15060B,47591D,21217,21232,21527
20972,85014A,21232,20971,22961,20974,85014B,22174,21481,22727,22726,22969,21700,22064,85199L,22865,22985,22983,22821,22815
85114A,85123A,21733,20973,79321,22576,22813,22585,21801,21326,21313,22705
84952C
84952C
22776,20724,20725,21080,21210,21212,22083,22333,22084,22086,22575,22909,22910,22952,84347,22356,22384,20727,22380,22382,72801C,72801D,79321,22661,22198,22862,22726,22729,21735,22355,22733
22558,22964,22966,22969,22965,22961,22960
20975,21500,85099B,85099F,22940
21422,22147,20971,22149,20969,20970,20967,22585,21257,21259,15036,21408,22915,84836
BANK CHARGES
22114,84032B,21481,84032A
22865
22111,22077,21258,22379,20718,21527,21539,21533,22198,22197,22627,22626,22625,22624,22774,22775,22772,22771,21673,21672,21671,21670,21669,21668,22696,22469,22341
22530,22492,22467,22454,22453,22452,22328,22075,21673,21509,21508,21507,21506,21500,21499,21498,21212,20719,20685,16237,85178,85116,84952C,84952B,84692,84347,71459,48194,48184,35001G,22752,22659,22630,22629,22585,22536,22534,22533
85116,84952B,84347,71459,48187,22752,22659,22630,22629,22585,22536,22534,22533,22530,22454,22453,22452,22075,21673,21499,21498,21212,20719,20685,16237
84946,84879,22659,22423,20963,20961
85178,22617
85123A,71053,84406B,37370,21871,21071,21068,82482,82494L,84029G,84029E,22752,21730
22558
22633,22632
85123A,71053,84406B,15056BL,20679,37370,21071,21068,82483,82486,82482,82494L,84029G,84029E,22752,22803,21730
22632,22633
22558
22727,22725,22726,22960,22568,22570,20971,22750,21912,21914,22264
21314,22726,22727,22114
22086,85123A,22866,22865,21982,21967,22084
22376,22174,22745,20665,21719,22906,22181,21981,22616,21967,21392,21393,22328,22952,21268,22902,22659,84952C,84952B,85144,20668,22087,21327,21328,21025,21031,21030,21026,22376,21032,22376,22554,22553,21026,21578,21559,22791,21392,21393,22585,22350,21354,21357,22909,22977,22974,20724,20719,21587,21625,22634,20766,22972,22988,22976,22973,84879,21398,21399,22585,21982,22623,22909,22562,21967,22906,72598,21591,21714,84832,22553,21967,21984,21982,21981,21591,21135,84879,21121,21990,21328,21327,22744,20751,21993,22077,16258A,22435,84347,22082,21578,22952,22616,22561,21935,22561,20752,21484,21587,22636,22555,22557,21892,22619,20719,20728,22617,22745,22748,21426,22635,21577,84985A,21430,22607,22899,20977,20979,22661,22902,21581
90002D,22632,22866,22865,22633,20970
22427,37370,21877,79066K,22424,22426,22429,22428,82552,82551,82578,82581,82599,21874,21911,21181,21908,22413,21169,82583,82567,82583,21166,21901,21899,21874,21174,21175,21900,21902,48138
21931,21930,85099B,22386,20974,20973,20975,70007,70006,21098,22745,22746,22748,22867,22632,22834,22865,22866
22960,22969,22099,22718,22717,22024,22028,22716,47591D,47567B,22961,22814,22983,22031,22379,84378,22727,22726,22730
21484,21067,21791,21098,22952,22086,82599,22113,22750,22749,22568,22111,21559,22549
